Links,subdir1,subdir2,subdir3,subdir4
https://www.datacamp.com/donates/old-news/tag/Guest+post,donates,old-news,tag,Guest+post
https://www.datacamp.com/donates/old-news/tag/Nigeria,donates,old-news,tag,Nigeria
https://www.datacamp.com/donates/old-news/tag/social+impact,donates,old-news,tag,social+impact
https://www.datacamp.com/donates/home-test-seve-form,donates,home-test-seve-form,,
https://www.datacamp.com/donates/old-news/tag/Webinar,donates,old-news,tag,Webinar
https://www.datacamp.com/donates/old-news/tag/Hyper+Island,donates,old-news,tag,Hyper+Island
https://www.datacamp.com/donates/old-news/tag/USA,donates,old-news,tag,USA
https://www.datacamp.com/donates/old-news/tag/Live+event,donates,old-news,tag,Live+event
https://www.datacamp.com/donates/old-news/tag/Hack+Your+Future,donates,old-news,tag,Hack+Your+Future
https://www.datacamp.com/donates/old-news/tag/Job+readiness,donates,old-news,tag,Job+readiness
https://www.datacamp.com/donates/old-news/tag/DataCamp+Donates,donates,old-news,tag,DataCamp+Donates
https://www.datacamp.com/donates/impact,donates,impact,,
https://www.datacamp.com/donates/philosophy,donates,philosophy,,
https://www.datacamp.com/donates/old-news/tag/Announcements,donates,old-news,tag,Announcements
https://www.datacamp.com/donates/squarespace-form-test,donates,squarespace-form-test,,
https://www.datacamp.com/donates/old-news/tag/AIS,donates,old-news,tag,AIS
https://www.datacamp.com/donates/old-news/tag/video,donates,old-news,tag,video
https://www.datacamp.com/donates/old-news/tag/High+schools,donates,old-news,tag,High+schools
https://www.datacamp.com/donates/old-news/tag/Certification,donates,old-news,tag,Certification
https://www.datacamp.com/donates/old-news/tag/Career+Services,donates,old-news,tag,Career+Services
https://www.datacamp.com/donates/apply-old,donates,apply-old,,
https://www.datacamp.com/donates,donates,,,
https://www.datacamp.com/donates/partners,donates,partners,,
https://www.datacamp.com/donates/apply,donates,apply,,
https://www.datacamp.com/donates/past-partners,donates,past-partners,,
https://www.datacamp.com/donates/old-news/tag/2021,donates,old-news,tag,2021
https://www.datacamp.com/donates/old-news/tag/2020,donates,old-news,tag,2020
https://www.datacamp.com/donates/old-news/tag/2019,donates,old-news,tag,2019
https://www.datacamp.com/donates/old-news/tag/DataCamp+for+Classrooms,donates,old-news,tag,DataCamp+for+Classrooms
https://www.datacamp.com/donates/old-news/tag/Asia,donates,old-news,tag,Asia
https://www.datacamp.com/donates/old-news,donates,old-news,,
https://www.datacamp.com/donates/old-news/datacamp-classroom,donates,old-news,datacamp-classroom,
https://www.datacamp.com/donates/old-news/free-week-thank-you,donates,old-news,free-week-thank-you,
https://www.datacamp.com/donates/old-news/datau,donates,old-news,datau,
https://www.datacamp.com/donates/old-news/data-science-nigeria,donates,old-news,data-science-nigeria,
https://www.datacamp.com/donates/old-news/academic,donates,old-news,academic,
https://www.datacamp.com/donates/old-news/felix-ayoola,donates,old-news,felix-ayoola,
https://www.datacamp.com/donates/old-news/datacamp-donates,donates,old-news,datacamp-donates,
https://www.datacamp.com/donates/old-news/datacamp-donates-q1-2021-update,donates,old-news,datacamp-donates-q1-2021-update,
https://www.datacamp.com/donates/old-news/ingressive-for-good,donates,old-news,ingressive-for-good,
https://www.datacamp.com/donates/old-news/12sfpv5ipksdn2gu0043budmgg9w3g,donates,old-news,12sfpv5ipksdn2gu0043budmgg9w3g,
https://www.datacamp.com/donates/old-news/datacamp-donates-50-partners,donates,old-news,datacamp-donates-50-partners,
https://www.datacamp.com/donates/old-news/datacamp-donates-women-partners,donates,old-news,datacamp-donates-women-partners,
https://www.datacamp.com/donates/old-news/dcdonates-launchcode,donates,old-news,dcdonates-launchcode,
https://www.datacamp.com/donates/old-news/zeeshan,donates,old-news,zeeshan,
https://www.datacamp.com/donates/old-news/datacamp-donates-panel,donates,old-news,datacamp-donates-panel,
https://www.datacamp.com/donates/old-news/free-week-apr-2021,donates,old-news,free-week-apr-2021,
https://www.datacamp.com/donates/old-news/us-high-schools,donates,old-news,us-high-schools,
https://www.datacamp.com/donates/old-news/webinar-certification-and-career-services-with-datacamp-donates,donates,old-news,webinar-certification-and-career-services-with-datacamp-donates,
https://www.datacamp.com/donates/old-news/datacamp-black-girls-code-webinar,donates,old-news,datacamp-black-girls-code-webinar,
https://www.datacamp.com/donates/old-news/tag/Code+for+Nepal,donates,old-news,tag,Code+for+Nepal
https://www.datacamp.com/donates/old-news/tag/data+science,donates,old-news,tag,data+science
https://www.datacamp.com/donates/old-news/tag/teachers,donates,old-news,tag,teachers
https://www.datacamp.com/donates/old-news/free-datacamp-subscriptions,donates,old-news,free-datacamp-subscriptions,
https://www.datacamp.com/donates/old-news/research-shows-datacamp-democratized-data-science-education-during-the-pandemic,donates,old-news,research-shows-datacamp-democratized-data-science-education-during-the-pandemic,
https://www.datacamp.com/donates/old-news/new-hire-spotlight-iryna,donates,old-news,new-hire-spotlight-iryna,
https://www.datacamp.com/donates/old-news/donates-stories-anshu-adhikari,donates,old-news,donates-stories-anshu-adhikari,
https://www.datacamp.com/donates/old-news/gdsc-dha-suffa-suffa-university,donates,old-news,gdsc-dha-suffa-suffa-university,
https://www.datacamp.com/donates/old-news/were-making-datacamp-free-for-all-high-school-teachers-and-their-students,donates,old-news,were-making-datacamp-free-for-all-high-school-teachers-and-their-students,
https://www.datacamp.com/donates/old-news/marki-peru,donates,old-news,marki-peru,
https://www.datacamp.com/donates/old-news/us-uk-high-schools,donates,old-news,us-uk-high-schools,
https://www.datacamp.com/donates/old-news/donates-digest-q3,donates,old-news,donates-digest-q3,
https://www.datacamp.com/donates/old-news/datacamp-donates-is-the-best-way-to-transition-into-a-data-analyst-career,donates,old-news,datacamp-donates-is-the-best-way-to-transition-into-a-data-analyst-career,
https://www.datacamp.com/donates/old-news/category/DataCamp+for+Classrooms,donates,old-news,category,DataCamp+for+Classrooms
https://www.datacamp.com/donates/old-news/category/DataCamp+Donates,donates,old-news,category,DataCamp+Donates
https://www.datacamp.com/donates/old-news/tag/high+school,donates,old-news,tag,high+school
https://www.datacamp.com/donates/old-news/tag/HDAG,donates,old-news,tag,HDAG
https://www.datacamp.com/donates/old-news/tag/Cambodia,donates,old-news,tag,Cambodia
https://www.datacamp.com/donates/old-news/tag/Panel+discussion,donates,old-news,tag,Panel+discussion
https://www.datacamp.com/donates/old-news/tag/Data+Science+4+Everyone,donates,old-news,tag,Data+Science+4+Everyone
https://www.datacamp.com/donates/old-news/tag/Partnerships,donates,old-news,tag,Partnerships
https://www.datacamp.com/donates/old-news/tag/Global,donates,old-news,tag,Global
https://www.datacamp.com/donates/old-news/tag/research,donates,old-news,tag,research
https://www.datacamp.com/donates/old-news/tag/Interview,donates,old-news,tag,Interview
https://www.datacamp.com/donates/old-news/tag/Data+Science+FEM,donates,old-news,tag,Data+Science+FEM
https://www.datacamp.com/donates/old-news/tag/DSC,donates,old-news,tag,DSC
https://www.datacamp.com/donates/old-news/tag/Internships,donates,old-news,tag,Internships
https://www.datacamp.com/donates/old-news/tag/I4G,donates,old-news,tag,I4G
https://www.datacamp.com/donates/old-news/tag/DSN,donates,old-news,tag,DSN
https://www.datacamp.com/donates/old-news/tag/Nepal,donates,old-news,tag,Nepal
https://www.datacamp.com/donates/old-news/tag/Women,donates,old-news,tag,Women
https://www.datacamp.com/donates/old-news/tag/Colombia,donates,old-news,tag,Colombia
https://www.datacamp.com/donates/old-news/tag/Girls+Will+Code,donates,old-news,tag,Girls+Will+Code
https://www.datacamp.com/donates/old-news/tag/Africa,donates,old-news,tag,Africa
https://www.datacamp.com/donates/old-news/tag/Video,donates,old-news,tag,Video
https://www.datacamp.com/donates/old-news/tag/LaunchCode,donates,old-news,tag,LaunchCode
https://www.datacamp.com/donates/old-news/tag/Free+Week,donates,old-news,tag,Free+Week
https://www.datacamp.com/donates/old-news/tag/DHA+Suffa+University,donates,old-news,tag,DHA+Suffa+University
https://www.datacamp.com/donates/old-news/tag/GDSC,donates,old-news,tag,GDSC
