Links,subdir1,subdir2,subdir3
https://www.datacamp.com/resources/webinars/how-specsavers-upskilled-their-data-teams,resources,webinars,how-specsavers-upskilled-their-data-teams
https://www.datacamp.com/resources/webinars/webinar-or-data-literacy-in-the-21st-century,resources,webinars,webinar-or-data-literacy-in-the-21st-century
https://www.datacamp.com/resources/webinars/datacamp-for-enterprise-whats-new-in-2020,resources,webinars,datacamp-for-enterprise-whats-new-in-2020
https://www.datacamp.com/resources/webinars/datacamp-q1-2022-roadmap,resources,webinars,datacamp-q1-2022-roadmap
https://www.datacamp.com/resources/webinars/using-chat-gpt-code-interpreter-for-data-science,resources,webinars,using-chat-gpt-code-interpreter-for-data-science
https://www.datacamp.com/resources/webinars/data-trends-and-predictions-2023,resources,webinars,data-trends-and-predictions-2023
https://www.datacamp.com/resources/webinars/building-a-data-strategy-aligning-data-with-business-goals,resources,webinars,building-a-data-strategy-aligning-data-with-business-goals
https://www.datacamp.com/resources/webinars/scaling-data-literacy-in-government,resources,webinars,scaling-data-literacy-in-government
https://www.datacamp.com/resources/webinars/building-ai-skills-with-datacamp,resources,webinars,building-ai-skills-with-datacamp
https://www.datacamp.com/resources/webinars/buy-or-train-using-large-language-models-in-the-enterprise,resources,webinars,buy-or-train-using-large-language-models-in-the-enterprise
https://www.datacamp.com/resources/webinars/avoiding-pitfalls-in-data-democratization,resources,webinars,avoiding-pitfalls-in-data-democratization
https://www.datacamp.com/resources/webinars/datacamp-certifications-deep-dive,resources,webinars,datacamp-certifications-deep-dive
https://www.datacamp.com/resources/webinars/data-science-in-the-energy-industry,resources,webinars,data-science-in-the-energy-industry
https://www.datacamp.com/resources/webinars/why-hire-a-data-camp-certified-candidate,resources,webinars,why-hire-a-data-camp-certified-candidate
https://www.datacamp.com/resources/webinars/what-chat-gpt-and-generative-ai-mean-for-data-privacy,resources,webinars,what-chat-gpt-and-generative-ai-mean-for-data-privacy
https://www.datacamp.com/resources/webinars/data-literacy-how-to-guide-for-leaders,resources,webinars,data-literacy-how-to-guide-for-leaders
https://www.datacamp.com/resources/webinars/a-more-human-future-in-the-era-of-ai,resources,webinars,a-more-human-future-in-the-era-of-ai
https://www.datacamp.com/resources/webinars/optimizing-gpt-prompts-for-data-science,resources,webinars,optimizing-gpt-prompts-for-data-science
https://www.datacamp.com/resources/webinars/new-dimensions-x-datacamp-donates-empowering-women-in-ecuador-with-data-literacy,resources,webinars,new-dimensions-x-datacamp-donates-empowering-women-in-ecuador-with-data-literacy
https://www.datacamp.com/resources/webinars/generating-photorealistic-images-using-ai-with-diffusers-in-python,resources,webinars,generating-photorealistic-images-using-ai-with-diffusers-in-python
https://www.datacamp.com/resources/webinars/data-engineer-vs-data-scientist-which-one-should-you-choose,resources,webinars,data-engineer-vs-data-scientist-which-one-should-you-choose
https://www.datacamp.com/resources/webinars/imlementing-power-bi-best-practices,resources,webinars,imlementing-power-bi-best-practices
https://www.datacamp.com/resources/webinars/how-to-pass-the-power-bi-pl-300-certitifcation,resources,webinars,how-to-pass-the-power-bi-pl-300-certitifcation
https://www.datacamp.com/resources/webinars/how-to-build-the-business-case-for-data-literacy,resources,webinars,how-to-build-the-business-case-for-data-literacy
https://www.datacamp.com/resources/webinars/building-data-literacy-datacamp,resources,webinars,building-data-literacy-datacamp
https://www.datacamp.com/resources/webinars/running-data-hackathons-with-data-camp-workspace,resources,webinars,running-data-hackathons-with-data-camp-workspace
https://www.datacamp.com/resources/webinars/responsible-ai-evaluating-machine-learning-models-in-python,resources,webinars,responsible-ai-evaluating-machine-learning-models-in-python
https://www.datacamp.com/resources/webinars/introduction-to-experiment-tracking,resources,webinars,introduction-to-experiment-tracking
https://www.datacamp.com/resources/webinars/dashboard-design-best-practices-in-tableau,resources,webinars,dashboard-design-best-practices-in-tableau
https://www.datacamp.com/resources/webinars/unleash-the-power-and-profit-of-a-data-and-people-strategy,resources,webinars,unleash-the-power-and-profit-of-a-data-and-people-strategy
https://www.datacamp.com/resources/webinars/unlocking-data-cultures-empowering-people-through-data-literacy-programs,resources,webinars,unlocking-data-cultures-empowering-people-through-data-literacy-programs
https://www.datacamp.com/resources/webinars/best-practices-for-using-jupyter-notebooks-in-production,resources,webinars,best-practices-for-using-jupyter-notebooks-in-production
https://www.datacamp.com/resources/webinars/data-ethics-and-gdpr-for-data-practitioners,resources,webinars,data-ethics-and-gdpr-for-data-practitioners
https://www.datacamp.com/resources/webinars/ai-for-visual-data-computer-vision-in-business,resources,webinars,ai-for-visual-data-computer-vision-in-business
https://www.datacamp.com/resources/webinars/empowering-government-with-data-and-ai-literacy,resources,webinars,empowering-government-with-data-and-ai-literacy
https://www.datacamp.com/resources/webinars/data-camp-classrooms-orientation-autumn-2023,resources,webinars,data-camp-classrooms-orientation-autumn-2023
https://www.datacamp.com/resources/webinars/building-ops-capabilities-with-datacamps-mlops-curriculum,resources,webinars,building-ops-capabilities-with-datacamps-mlops-curriculum
https://www.datacamp.com/resources/webinars/empowering-data-teams-how-to-approach-upskilling-and-continuous-learning,resources,webinars,empowering-data-teams-how-to-approach-upskilling-and-continuous-learning
https://www.datacamp.com/resources/webinars/ungated-a-beginners-guide-to-prompt-engineering-with-chatgpt,resources,webinars,ungated-a-beginners-guide-to-prompt-engineering-with-chatgpt
https://www.datacamp.com/resources/webinars/developing-a-data-mindset,resources,webinars,developing-a-data-mindset
https://www.datacamp.com/resources/webinars/how-consultancies-enable-data-transformation,resources,webinars,how-consultancies-enable-data-transformation
https://www.datacamp.com/resources/webinars/from-data-to-insights-value-creation-with-data-in-financial-services,resources,webinars,from-data-to-insights-value-creation-with-data-in-financial-services
https://www.datacamp.com/resources/webinars/getting-roi-from-ai,resources,webinars,getting-roi-from-ai
https://www.datacamp.com/resources/webinars/ace-the-SQL-interview,resources,webinars,ace-the-SQL-interview
https://www.datacamp.com/resources/webinars/Driving-a-Data-Culture-with-PowerBI,resources,webinars,Driving-a-Data-Culture-with-PowerBI
https://www.datacamp.com/resources/webinars/Report-Design-Best-Practices-in-PowerBI,resources,webinars,Report-Design-Best-Practices-in-PowerBI
https://www.datacamp.com/resources/webinars/a-day-in-the-life-of-a-data-scientist,resources,webinars,a-day-in-the-life-of-a-data-scientist
https://www.datacamp.com/resources/webinars/data-skills-and-the-future-of-finance-expert-panel,resources,webinars,data-skills-and-the-future-of-finance-expert-panel
https://www.datacamp.com/resources/webinars/supercharging-your-data-workflow-with-AI,resources,webinars,supercharging-your-data-workflow-with-AI
https://www.datacamp.com/resources/webinars/dci-connect-session-6-instructor-auditioning-at-datacamp,resources,webinars,dci-connect-session-6-instructor-auditioning-at-datacamp
https://www.datacamp.com/resources/webinars/exploratory-data-analysis-in-spreadsheets,resources,webinars,exploratory-data-analysis-in-spreadsheets
https://www.datacamp.com/resources/webinars/kickstart-your-career-with-datacamp-certification,resources,webinars,kickstart-your-career-with-datacamp-certification
https://www.datacamp.com/resources/webinars/building-an-inhouse-data-academy,resources,webinars,building-an-inhouse-data-academy
https://www.datacamp.com/resources/webinars/radar-building-and-scaling-remote-data-teams,resources,webinars,radar-building-and-scaling-remote-data-teams
https://www.datacamp.com/resources/webinars/radar-employer-branding-for-data-talent-when-youre-not-faang,resources,webinars,radar-employer-branding-for-data-talent-when-youre-not-faang
https://www.datacamp.com/resources/webinars/dci-connect-session-1-welcome-to-instructor-success-at-datacamp,resources,webinars,dci-connect-session-1-welcome-to-instructor-success-at-datacamp
https://www.datacamp.com/resources/webinars/dci-connect-session-2-our-2023-content-strategy,resources,webinars,dci-connect-session-2-our-2023-content-strategy
https://www.datacamp.com/resources/webinars/dci-connect-session-3-datacamp-instructor-benefits,resources,webinars,dci-connect-session-3-datacamp-instructor-benefits
https://www.datacamp.com/resources/webinars/dci-connect-session-4-developing-curriculum-at-datacamp-panel,resources,webinars,dci-connect-session-4-developing-curriculum-at-datacamp-panel
https://www.datacamp.com/resources/webinars/dci-connect-session-5-course-creation-at-datacamp,resources,webinars,dci-connect-session-5-course-creation-at-datacamp
https://www.datacamp.com/resources/webinars/calculating-kpis-with-dax-in-power-bi,resources,webinars,calculating-kpis-with-dax-in-power-bi
https://www.datacamp.com/resources/webinars/data-analysis-in-julia-for-beginners,resources,webinars,data-analysis-in-julia-for-beginners
https://www.datacamp.com/resources/webinars/ai-climate-change-omdena,resources,webinars,ai-climate-change-omdena
https://www.datacamp.com/resources/webinars/ungated-datacamp-celebrates-international-womens-day,resources,webinars,ungated-datacamp-celebrates-international-womens-day
https://www.datacamp.com/resources/webinars/ungated-live-training-dashboard-design-in-tableau,resources,webinars,ungated-live-training-dashboard-design-in-tableau
https://www.datacamp.com/resources/webinars/ungated-tips-for-building-a-data-science-portfolio-with-datacamp,resources,webinars,ungated-tips-for-building-a-data-science-portfolio-with-datacamp
https://www.datacamp.com/resources/webinars/datacamp-q1-roadmap-2023,resources,webinars,datacamp-q1-roadmap-2023
https://www.datacamp.com/resources/webinars/docker-for-data-scientists,resources,webinars,docker-for-data-scientists
https://www.datacamp.com/resources/webinars/radar-hiring-and-retaining-data-talent-in-2022,resources,webinars,radar-hiring-and-retaining-data-talent-in-2022
https://www.datacamp.com/resources/webinars/making-decisions-with-data-and-ai,resources,webinars,making-decisions-with-data-and-ai
https://www.datacamp.com/resources/webinars/live-training-solving-a-job-interview-case-study-with-power-bi,resources,webinars,live-training-solving-a-job-interview-case-study-with-power-bi
https://www.datacamp.com/resources/webinars/datacamp-q2-2023-roadmap,resources,webinars,datacamp-q2-2023-roadmap
https://www.datacamp.com/resources/webinars/using-synthetic-data-for-machine-learning-and-ai-in-python,resources,webinars,using-synthetic-data-for-machine-learning-and-ai-in-python
https://www.datacamp.com/resources/webinars/data-camp-for-business-demo-build-data-and-ai-skills-at-scale,resources,webinars,data-camp-for-business-demo-build-data-and-ai-skills-at-scale
https://www.datacamp.com/resources/webinars/how-novartis-scaled-their-data-training,resources,webinars,how-novartis-scaled-their-data-training
https://www.datacamp.com/resources/webinars/using-workspace-in-the-classroom,resources,webinars,using-workspace-in-the-classroom
https://www.datacamp.com/resources/webinars/build-modern-data-engineering-skills-with-data-camp,resources,webinars,build-modern-data-engineering-skills-with-data-camp
https://www.datacamp.com/resources/webinars/building-sustainable-learning-cultures-strategies-for-maximizing-data-upskilling-programs,resources,webinars,building-sustainable-learning-cultures-strategies-for-maximizing-data-upskilling-programs
https://www.datacamp.com/resources/webinars/analyzing-e-commerce-data-in-tableau,resources,webinars,analyzing-e-commerce-data-in-tableau
https://www.datacamp.com/resources/webinars/how-l-and-d-leaders-are-shaping-data-literate-workforces-1,resources,webinars,how-l-and-d-leaders-are-shaping-data-literate-workforces-1
https://www.datacamp.com/resources/case-studies/lumiradx-case-study,resources,case-studies,lumiradx-case-study
https://www.datacamp.com/resources/webinars/scaling-ai-adoption-in-financial-services-1,resources,webinars,scaling-ai-adoption-in-financial-services-1
https://www.datacamp.com/resources/webinars/people-and-organization-components-of-data-maturity,resources,webinars,people-and-organization-components-of-data-maturity
https://www.datacamp.com/resources/webinars/live-training-using-workspace-in-data-academies,resources,webinars,live-training-using-workspace-in-data-academies
https://www.datacamp.com/resources/webinars/inside-cbre-data-literacy-program,resources,webinars,inside-cbre-data-literacy-program
https://www.datacamp.com/resources/webinars/acing-the-datacamp-certification,resources,webinars,acing-the-datacamp-certification
https://www.datacamp.com/resources/webinars/datacamp-workspace-live-code-along,resources,webinars,datacamp-workspace-live-code-along
https://www.datacamp.com/resources/webinars/cdo-panel-the-critical-task-of-building-data-culture,resources,webinars,cdo-panel-the-critical-task-of-building-data-culture
https://www.datacamp.com/resources/webinars/datacamp-live-code-along-introduction-to-workspace-teams,resources,webinars,datacamp-live-code-along-introduction-to-workspace-teams
https://www.datacamp.com/resources/webinars/data-literacy-month-building-a-personal-brand-in-data,resources,webinars,data-literacy-month-building-a-personal-brand-in-data
https://www.datacamp.com/resources/case-studies/rolls-royce-case-study,resources,case-studies,rolls-royce-case-study
https://www.datacamp.com/resources/webinars/how-to-build-and-recruit-data-teams,resources,webinars,how-to-build-and-recruit-data-teams
https://www.datacamp.com/resources/webinars/webinar-hiring-data-talent-effectively-with-DataCamp-Talent,resources,webinars,webinar-hiring-data-talent-effectively-with-DataCamp-Talent
https://www.datacamp.com/resources/webinars/building-data-literacy-in-federal-agencies-webinar,resources,webinars,building-data-literacy-in-federal-agencies-webinar
https://www.datacamp.com/resources/whitepapers/5-best-practices-for-building-data-science-skills-academies,resources,whitepapers,5-best-practices-for-building-data-science-skills-academies
https://www.datacamp.com/resources/whitepapers/5-best-practices-for-building-skills-academy,resources,whitepapers,5-best-practices-for-building-skills-academy
https://www.datacamp.com/resources/webinars/creating-learning-cultures-with-kelly-palmer,resources,webinars,creating-learning-cultures-with-kelly-palmer
https://www.datacamp.com/resources/webinars/from-data-literacy-to-ai-literacy-rc,resources,webinars,from-data-literacy-to-ai-literacy-rc
https://www.datacamp.com/resources/webinars/adapting-organizational-culture-to-ai-rc,resources,webinars,adapting-organizational-culture-to-ai-rc
https://www.datacamp.com/resources/webinars/how-wgu-and-hp-are-building-the-data-and-ai-literate-workforce-of-the-future-rc,resources,webinars,how-wgu-and-hp-are-building-the-data-and-ai-literate-workforce-of-the-future-rc
https://www.datacamp.com/resources/webinars/tools-and-processes-components-of-data-maturity,resources,webinars,tools-and-processes-components-of-data-maturity
https://www.datacamp.com/resources/webinars/from-insight-to-impact-with-data-storytelling-rc,resources,webinars,from-insight-to-impact-with-data-storytelling-rc
https://www.datacamp.com/resources/webinars/closing-words-and-ama-rc,resources,webinars,closing-words-and-ama-rc
https://www.datacamp.com/resources/webinars/laying-the-foundations-data-quality-in-the-age-of-ai-rc,resources,webinars,laying-the-foundations-data-quality-in-the-age-of-ai-rc
https://www.datacamp.com/resources/webinars/laying-the-foundations-scoping-generative-ai-use-cases-from-vision-to-business-impact-rc,resources,webinars,laying-the-foundations-scoping-generative-ai-use-cases-from-vision-to-business-impact-rc
https://www.datacamp.com/resources/webinars/live-training-solving-hr-analytics-case-study-with-power-bi,resources,webinars,live-training-solving-hr-analytics-case-study-with-power-bi
https://www.datacamp.com/resources/webinars/data-literacy-skills-everyone-needs,resources,webinars,data-literacy-skills-everyone-needs
https://www.datacamp.com/resources/webinars/driving-learning-engagement-with-community-and-ai,resources,webinars,driving-learning-engagement-with-community-and-ai
https://www.datacamp.com/resources/whitepapers/how-to-win-the-competition-for-data-professionals,resources,whitepapers,how-to-win-the-competition-for-data-professionals
https://www.datacamp.com/resources/case-studies/how-allianz-upskilled-6-000-employees-across-the-globe-with-datacamp,resources,case-studies,how-allianz-upskilled-6-000-employees-across-the-globe-with-datacamp
https://www.datacamp.com/resources/data-sheets/business-analyst-job-description,resources,data-sheets,business-analyst-job-description
https://www.datacamp.com/resources/data-sheets/data-analyst-job-description,resources,data-sheets,data-analyst-job-description
https://www.datacamp.com/resources/webinars/best-practices-for-hiring-data-scientists,resources,webinars,best-practices-for-hiring-data-scientists
https://www.datacamp.com/resources/webinars/fighting-customer-churn-with-data,resources,webinars,fighting-customer-churn-with-data
https://www.datacamp.com/resources/webinars/driving-impact-with-data-storytelling,resources,webinars,driving-impact-with-data-storytelling
https://www.datacamp.com/resources/webinars/live-training-visualizing-cost-savings-from-early-cancer-diagnosis-in-tableau,resources,webinars,live-training-visualizing-cost-savings-from-early-cancer-diagnosis-in-tableau
https://www.datacamp.com/resources/webinars/radar-data-science-certification-is-it-worth-it,resources,webinars,radar-data-science-certification-is-it-worth-it
https://www.datacamp.com/resources/webinars/radar-keynote-building-the-data-driven-workforce-of-the-future,resources,webinars,radar-keynote-building-the-data-driven-workforce-of-the-future
https://www.datacamp.com/resources/webinars/radar-ask-a-hiring-manager-how-to-land-a-job-in-data-science,resources,webinars,radar-ask-a-hiring-manager-how-to-land-a-job-in-data-science
https://www.datacamp.com/resources/webinars/radar-acing-the-data-science-interview,resources,webinars,radar-acing-the-data-science-interview
https://www.datacamp.com/resources/webinars/ungated-live-code-along-predicting-hotel-booking-cancellation-in-python,resources,webinars,ungated-live-code-along-predicting-hotel-booking-cancellation-in-python
https://www.datacamp.com/resources/webinars/radar-breaking-through-the-noise-starting-a-career-in-data-2022,resources,webinars,radar-breaking-through-the-noise-starting-a-career-in-data-2022
https://www.datacamp.com/resources/webinars/radar-create-awesome-portfolio-projects-to-land-your-dream-data-job,resources,webinars,radar-create-awesome-portfolio-projects-to-land-your-dream-data-job
https://www.datacamp.com/resources/webinars/radar-acing-the-data-science-resume,resources,webinars,radar-acing-the-data-science-resume
https://www.datacamp.com/resources/webinars/driving-ai-literacy-in-organizations,resources,webinars,driving-ai-literacy-in-organizations
https://www.datacamp.com/resources/webinars/utilizing-public-data-effectively,resources,webinars,utilizing-public-data-effectively
https://www.datacamp.com/resources/webinars/become-data-analyst-with-power-bi,resources,webinars,become-data-analyst-with-power-bi
https://www.datacamp.com/resources/webinars/radar-hiring-and-building-high-impact-data-teams,resources,webinars,radar-hiring-and-building-high-impact-data-teams
https://www.datacamp.com/resources/webinars/radar-rise-of-hybrid-jobs-and-the-future-of-data-careers,resources,webinars,radar-rise-of-hybrid-jobs-and-the-future-of-data-careers
https://www.datacamp.com/resources/webinars/radar-building-data-champions-at-gulf-bank,resources,webinars,radar-building-data-champions-at-gulf-bank
https://www.datacamp.com/resources/webinars/how-to-roll-out-an-online-first-data-literacy-program,resources,webinars,how-to-roll-out-an-online-first-data-literacy-program
https://www.datacamp.com/resources/webinars/moving-from-in-person-training-to-online-training,resources,webinars,moving-from-in-person-training-to-online-training
https://www.datacamp.com/resources/webinars/a-high-level-approach-for-solving-mlops-challenges,resources,webinars,a-high-level-approach-for-solving-mlops-challenges
https://www.datacamp.com/resources/webinars/artificial-intelligence-for-business-leaders,resources,webinars,artificial-intelligence-for-business-leaders
https://www.datacamp.com/resources/webinars/spend-less-time-in-spreadsheets-with-sql,resources,webinars,spend-less-time-in-spreadsheets-with-sql
https://www.datacamp.com/resources/webinars/the-path-to-data-fluency,resources,webinars,the-path-to-data-fluency
https://www.datacamp.com/resources/whitepapers/organizations-guide-to-data-maturity,resources,whitepapers,organizations-guide-to-data-maturity
https://www.datacamp.com/resources/webinars/gpt4-turbo-custom-gpts-and-the-assistants-api,resources,webinars,gpt4-turbo-custom-gpts-and-the-assistants-api
https://www.datacamp.com/resources/ebooks/machine-learning-a-complete-guide-for-business,resources,ebooks,machine-learning-a-complete-guide-for-business
https://www.datacamp.com/resources/webinars/datacamp-q4-2022-roadmap,resources,webinars,datacamp-q4-2022-roadmap
https://www.datacamp.com/resources/whitepapers/ungated-white-paper-or-democratizing-data-science-in-your-organization,resources,whitepapers,ungated-white-paper-or-democratizing-data-science-in-your-organization
https://www.datacamp.com/resources/webinars/live-training-exploring-cell-phone-data-in-tableau,resources,webinars,live-training-exploring-cell-phone-data-in-tableau
https://www.datacamp.com/resources/webinars/5-dimensions-of-data-maturity,resources,webinars,5-dimensions-of-data-maturity
https://www.datacamp.com/resources/webinars/revolutionizing-decision-making-using-ai,resources,webinars,revolutionizing-decision-making-using-ai
https://www.datacamp.com/resources/webinars/how-to-become-a-business-analyst,resources,webinars,how-to-become-a-business-analyst
https://www.datacamp.com/resources/webinars/cutting-through-the-hype-an-insiders-account-of-ai-in-healthcare,resources,webinars,cutting-through-the-hype-an-insiders-account-of-ai-in-healthcare
https://www.datacamp.com/resources/webinars/deep-learning-in-finance,resources,webinars,deep-learning-in-finance
https://www.datacamp.com/resources/webinars/communications-gap-with-data-literacy,resources,webinars,communications-gap-with-data-literacy
https://www.datacamp.com/resources/webinars/what-managers-need-to-know-about-machine-learning,resources,webinars,what-managers-need-to-know-about-machine-learning
https://www.datacamp.com/resources/webinars/practical-guide-to-mlops,resources,webinars,practical-guide-to-mlops
https://www.datacamp.com/resources/webinars/learning-and-development-for-the-data-driven-age,resources,webinars,learning-and-development-for-the-data-driven-age
https://www.datacamp.com/resources/webinars/enterprise-q2-2020-roadmap,resources,webinars,enterprise-q2-2020-roadmap
https://www.datacamp.com/resources/webinars/storytelling-for-more-impactful-data-science,resources,webinars,storytelling-for-more-impactful-data-science
https://www.datacamp.com/resources/webinars/fireside-chat-with-quinn-lathrop-leading-data-science-at-datacamp,resources,webinars,fireside-chat-with-quinn-lathrop-leading-data-science-at-datacamp
https://www.datacamp.com/resources/webinars/democratizing-data-in-government-agencies,resources,webinars,democratizing-data-in-government-agencies
https://www.datacamp.com/resources/webinars/datacamp-q2-2021-roadmap,resources,webinars,datacamp-q2-2021-roadmap
https://www.datacamp.com/resources/webinars/data-governance-enables-scalable-data-science,resources,webinars,data-governance-enables-scalable-data-science
https://www.datacamp.com/resources/webinars/l-and-d-leaders-data-fluency,resources,webinars,l-and-d-leaders-data-fluency
https://www.datacamp.com/resources/webinars/data-strategy,resources,webinars,data-strategy
https://www.datacamp.com/resources/webinars/manage-data-science-projects-effectively-1,resources,webinars,manage-data-science-projects-effectively-1
https://www.datacamp.com/resources/webinars/effective-data-storytelling-for-financial-services,resources,webinars,effective-data-storytelling-for-financial-services
https://www.datacamp.com/resources/webinars/what-chat-gpt-enterprise-means-for-your-organization,resources,webinars,what-chat-gpt-enterprise-means-for-your-organization
https://www.datacamp.com/resources/whitepapers/digital-transformation-in-finance,resources,whitepapers,digital-transformation-in-finance
https://www.datacamp.com/resources/whitepapers/ungated-or-insights-from-data-leaders,resources,whitepapers,ungated-or-insights-from-data-leaders
https://www.datacamp.com/resources/webinars/organizational-data-competency,resources,webinars,organizational-data-competency
https://www.datacamp.com/resources/data-sheets/in-person-vs-online-training,resources,data-sheets,in-person-vs-online-training
https://www.datacamp.com/resources/infographics/data-literacy-for-responsible-ai-infographic,resources,infographics,data-literacy-for-responsible-ai-infographic
https://www.datacamp.com/resources/infographics/your-organizations-guide-to-data-maturity-infographic,resources,infographics,your-organizations-guide-to-data-maturity-infographic
https://www.datacamp.com/resources/infographics/data-trends-and-predictions-2021-the-year-of-data-fluency-infographic,resources,infographics,data-trends-and-predictions-2021-the-year-of-data-fluency-infographic
https://www.datacamp.com/resources/infographics/guide-to-open-source-in-data-science-infographic,resources,infographics,guide-to-open-source-in-data-science-infographic
https://www.datacamp.com/resources/whitepapers/democratizing-data-science-in-your-organization,resources,whitepapers,democratizing-data-science-in-your-organization
https://www.datacamp.com/resources/case-studies/acceleration-plan,resources,case-studies,acceleration-plan
https://www.datacamp.com/resources/whitepapers/our-guide-to-open-source-in-data-science,resources,whitepapers,our-guide-to-open-source-in-data-science
https://www.datacamp.com/resources/whitepapers/data-trends-and-predictions-2021,resources,whitepapers,data-trends-and-predictions-2021
https://www.datacamp.com/resources/case-studies/gitgirl,resources,case-studies,gitgirl
https://www.datacamp.com/resources/case-studies/blossom-academy,resources,case-studies,blossom-academy
https://www.datacamp.com/resources/case-studies/autodesk-case-study,resources,case-studies,autodesk-case-study
https://www.datacamp.com/resources/whitepapers/faqs-business-subscription,resources,whitepapers,faqs-business-subscription
https://www.datacamp.com/resources/webinars/democratizing-data-science-at-your-company,resources,webinars,democratizing-data-science-at-your-company
https://www.datacamp.com/resources/whitepapers/the-l-and-d-guide-to-data-literacy,resources,whitepapers,the-l-and-d-guide-to-data-literacy
https://www.datacamp.com/resources/whitepapers/ai-and-machine-learning,resources,whitepapers,ai-and-machine-learning
https://www.datacamp.com/resources/webinars/ai-finance-and-algorithmic-trading,resources,webinars,ai-finance-and-algorithmic-trading
https://www.datacamp.com/resources/webinars/measuring-the-roi-of-data-literacy-programs-webinar,resources,webinars,measuring-the-roi-of-data-literacy-programs-webinar
https://www.datacamp.com/resources/webinars/data-literacy-for-responsible-ai-webinar,resources,webinars,data-literacy-for-responsible-ai-webinar
https://www.datacamp.com/resources/whitepapers/datacamp-signal,resources,whitepapers,datacamp-signal
https://www.datacamp.com/resources/whitepapers/what-300-l-and-d-leaders-have-learned-about-data-fluency,resources,whitepapers,what-300-l-and-d-leaders-have-learned-about-data-fluency
https://www.datacamp.com/resources/whitepapers/why-89-of-companies-are-prioritizing-data-fluency,resources,whitepapers,why-89-of-companies-are-prioritizing-data-fluency
https://www.datacamp.com/resources/whitepapers/what-data-fluency-looks-like,resources,whitepapers,what-data-fluency-looks-like
https://www.datacamp.com/resources/webinars/inside-the-data-science-workflow,resources,webinars,inside-the-data-science-workflow
https://www.datacamp.com/resources/webinars/going-beyond-faq-assistants,resources,webinars,going-beyond-faq-assistants
https://www.datacamp.com/resources/webinars/exploring-datacamps-new-enterprise-dashboard,resources,webinars,exploring-datacamps-new-enterprise-dashboard
https://www.datacamp.com/resources/case-studies/databird-case-study,resources,case-studies,databird-case-study
https://www.datacamp.com/resources/case-studies/scottish-power,resources,case-studies,scottish-power
https://www.datacamp.com/resources/case-studies/axa-xl,resources,case-studies,axa-xl
https://www.datacamp.com/resources/case-studies/duke,resources,case-studies,duke
https://www.datacamp.com/resources/case-studies/ai-singapore,resources,case-studies,ai-singapore
https://www.datacamp.com/resources/whitepapers/what-your-employees-need-to-learn-to-work-with-data-in-the-21st-century,resources,whitepapers,what-your-employees-need-to-learn-to-work-with-data-in-the-21st-century
https://www.datacamp.com/resources/whitepapers/data-leaders-guide-to-upskilling,resources,whitepapers,data-leaders-guide-to-upskilling
https://www.datacamp.com/resources/webinars/setting-up-your-r-environment,resources,webinars,setting-up-your-r-environment
https://www.datacamp.com/resources/webinars/datacamp-q4-2020-roadmap,resources,webinars,datacamp-q4-2020-roadmap
https://www.datacamp.com/resources/webinars/building-a-scalable-data-strategy-with-iptop,resources,webinars,building-a-scalable-data-strategy-with-iptop
https://www.datacamp.com/resources/webinars/data-driven-product-development,resources,webinars,data-driven-product-development
https://www.datacamp.com/resources/webinars/data-in-soccer-analytics,resources,webinars,data-in-soccer-analytics
https://www.datacamp.com/resources/webinars/live-training-exploring-world-cup-data-power-bi,resources,webinars,live-training-exploring-world-cup-data-power-bi
https://www.datacamp.com/resources/webinars/accelerating-your-data-career-with-data-camp-portfolio,resources,webinars,accelerating-your-data-career-with-data-camp-portfolio
https://www.datacamp.com/resources,resources,,
https://www.datacamp.com/resources/whitepapers/l-and-d-guide-to-data-literacy,resources,whitepapers,l-and-d-guide-to-data-literacy
https://www.datacamp.com/resources/data-sheets/driving-data-literacy-consulting,resources,data-sheets,driving-data-literacy-consulting
https://www.datacamp.com/resources/infographics/ai-literacy-at-ai-singapore,resources,infographics,ai-literacy-at-ai-singapore
https://www.datacamp.com/resources/data-sheets/driving-data-literacy-technology,resources,data-sheets,driving-data-literacy-technology
https://www.datacamp.com/resources/data-sheets/driving-data-literacy-finance,resources,data-sheets,driving-data-literacy-finance
https://www.datacamp.com/resources/whitepapers/data-leaders-guide-to-upskilling-whitepaper,resources,whitepapers,data-leaders-guide-to-upskilling-whitepaper
https://www.datacamp.com/resources/data-sheets/driving-data-literacy-healthcare,resources,data-sheets,driving-data-literacy-healthcare
https://www.datacamp.com/resources/webinars/what-your-employees-need-to-learn-to-work-with-data-in-the-21st,resources,webinars,what-your-employees-need-to-learn-to-work-with-data-in-the-21st
https://www.datacamp.com/resources/webinars/the-data-science-revolution-is-just-getting-started,resources,webinars,the-data-science-revolution-is-just-getting-started
https://www.datacamp.com/resources/webinars/data-science-for-spreadsheet-users,resources,webinars,data-science-for-spreadsheet-users
https://www.datacamp.com/resources/webinars/the-learning-leaders-guide-to-data-fluency,resources,webinars,the-learning-leaders-guide-to-data-fluency
https://www.datacamp.com/resources/webinars/covid-19-and-hospital-capacity-planning,resources,webinars,covid-19-and-hospital-capacity-planning
https://www.datacamp.com/resources/webinars/data-privacy-in-the-age-of-covid-19,resources,webinars,data-privacy-in-the-age-of-covid-19
https://www.datacamp.com/resources/webinars/preventing-fraud-and-boosting-ecommerce-with-data-science,resources,webinars,preventing-fraud-and-boosting-ecommerce-with-data-science
https://www.datacamp.com/resources/webinars/data-science-for-business-leaders,resources,webinars,data-science-for-business-leaders
https://www.datacamp.com/resources/webinars/improve-your-data-strategy,resources,webinars,improve-your-data-strategy
https://www.datacamp.com/resources/webinars/q3roadmap-2021,resources,webinars,q3roadmap-2021
https://www.datacamp.com/resources/webinars/what-300-l-and-d-leaders-have-learned-about-building-data-fluency,resources,webinars,what-300-l-and-d-leaders-have-learned-about-building-data-fluency
https://www.datacamp.com/resources/webinars/how-to-land-a-job-in-data-science,resources,webinars,how-to-land-a-job-in-data-science
https://www.datacamp.com/resources/webinars/best-practices-for-developing-generative-ai-products,resources,webinars,best-practices-for-developing-generative-ai-products
https://www.datacamp.com/resources/whitepapers/data-trends-predictions-2022,resources,whitepapers,data-trends-predictions-2022
https://www.datacamp.com/resources/whitepapers/data-trends-and-predictions-2022,resources,whitepapers,data-trends-and-predictions-2022
https://www.datacamp.com/resources/webinars/using-ai-in-robotics,resources,webinars,using-ai-in-robotics
https://www.datacamp.com/resources/webinars/best-practices-for-putting-llms-into-production,resources,webinars,best-practices-for-putting-llms-into-production
https://www.datacamp.com/resources/webinars/building-a-capability-roadmap-for-ai,resources,webinars,building-a-capability-roadmap-for-ai
https://www.datacamp.com/resources/data-sheets/driving-data-literacy-consumer-goods-cpg,resources,data-sheets,driving-data-literacy-consumer-goods-cpg
https://www.datacamp.com/resources/data-sheets/driving-data-literacy-public-sector,resources,data-sheets,driving-data-literacy-public-sector
https://www.datacamp.com/resources/webinars/webinar-2022-data-trends-and-predictions,resources,webinars,webinar-2022-data-trends-and-predictions
https://www.datacamp.com/resources/webinars/how-mlops-empowers-data-teams,resources,webinars,how-mlops-empowers-data-teams
https://www.datacamp.com/resources/webinars/how-to-become-a-data-analyst,resources,webinars,how-to-become-a-data-analyst
https://www.datacamp.com/resources/webinars/data-skills-to-future-proof-your-organization,resources,webinars,data-skills-to-future-proof-your-organization
https://www.datacamp.com/resources/webinars/predicting-dyslexia-using-data-science,resources,webinars,predicting-dyslexia-using-data-science
https://www.datacamp.com/resources/webinars/8-rules-for-effective-data-storytelling,resources,webinars,8-rules-for-effective-data-storytelling
https://www.datacamp.com/resources/webinars/live-training-analyzing-marketing-funnel-in-spreadsheets,resources,webinars,live-training-analyzing-marketing-funnel-in-spreadsheets
https://www.datacamp.com/resources/webinars/how-data-leaders-should-approach-early-data-hires,resources,webinars,how-data-leaders-should-approach-early-data-hires
https://www.datacamp.com/resources/webinars/developing-an-ai-literate-nation,resources,webinars,developing-an-ai-literate-nation
https://www.datacamp.com/resources/webinars/realize-the-full-value-of-your-organizations-data,resources,webinars,realize-the-full-value-of-your-organizations-data
https://www.datacamp.com/resources/webinars/power-bi-democratizing-data,resources,webinars,power-bi-democratizing-data
https://www.datacamp.com/resources/webinars/excel-to-tableau-with-datacamp,resources,webinars,excel-to-tableau-with-datacamp
https://www.datacamp.com/resources/webinars/bridging-the-gap-with-datacamp-workspace,resources,webinars,bridging-the-gap-with-datacamp-workspace
https://www.datacamp.com/resources/whitepapers/insights-from-data-leaders,resources,whitepapers,insights-from-data-leaders
https://www.datacamp.com/resources/case-studies/essex-county-council-case-study,resources,case-studies,essex-county-council-case-study
https://www.datacamp.com/resources/case-studies/ucd-professional-academy-case-study,resources,case-studies,ucd-professional-academy-case-study
https://www.datacamp.com/resources/case-studies/omdena-training-case-study,resources,case-studies,omdena-training-case-study
https://www.datacamp.com/resources/whitepapers/ungated-8-rules-for-better-data-storytelling,resources,whitepapers,ungated-8-rules-for-better-data-storytelling
https://www.datacamp.com/resources/webinars/webinar-building-data-culture,resources,webinars,webinar-building-data-culture
https://www.datacamp.com/resources/whitepapers/data-trends-and-predictions-white-paper-2023,resources,whitepapers,data-trends-and-predictions-white-paper-2023
https://www.datacamp.com/resources/whitepapers/data-trends-predictions-white-paper-2023,resources,whitepapers,data-trends-predictions-white-paper-2023
https://www.datacamp.com/resources/webinars/modern-data-stack-driving-value-with-data,resources,webinars,modern-data-stack-driving-value-with-data
https://www.datacamp.com/resources/whitepapers/win-the-competition-for-data-professionals,resources,whitepapers,win-the-competition-for-data-professionals
https://www.datacamp.com/resources/webinars/state-of-data-literacy-in-2023,resources,webinars,state-of-data-literacy-in-2023
https://www.datacamp.com/resources/webinars/live-training-participating-in-competitions,resources,webinars,live-training-participating-in-competitions
https://www.datacamp.com/resources/webinars/how-to-land-a-role-in-data-science-2023,resources,webinars,how-to-land-a-role-in-data-science-2023
https://www.datacamp.com/resources/webinars/impactful-data-engineering-with-wouter-de-bie-datadog,resources,webinars,impactful-data-engineering-with-wouter-de-bie-datadog
https://www.datacamp.com/resources/webinars/intro-julia-curriculum,resources,webinars,intro-julia-curriculum
https://www.datacamp.com/resources/webinars/live-training-julia-for-beginners,resources,webinars,live-training-julia-for-beginners
https://www.datacamp.com/resources/webinars/looking-back-2022s-biggest-data-stories,resources,webinars,looking-back-2022s-biggest-data-stories
https://www.datacamp.com/resources/webinars/a-framework-for-data-transformation-1,resources,webinars,a-framework-for-data-transformation-1
https://www.datacamp.com/resources/webinars/learning-leaders-drive-data-fluency,resources,webinars,learning-leaders-drive-data-fluency
https://www.datacamp.com/resources/webinars/seven-tricks-for-better-data-storytelling-tableau,resources,webinars,seven-tricks-for-better-data-storytelling-tableau
https://www.datacamp.com/resources/webinars/datacamp-q42021-roadmap,resources,webinars,datacamp-q42021-roadmap
https://www.datacamp.com/resources/webinars/ai-in-healthcare,resources,webinars,ai-in-healthcare
https://www.datacamp.com/resources/webinars/operationalizing-data-within-large-organizations,resources,webinars,operationalizing-data-within-large-organizations
https://www.datacamp.com/resources/webinars/thrive-in-a-data-driven-age,resources,webinars,thrive-in-a-data-driven-age
https://www.datacamp.com/resources/whitepapers/data-literacy-for-responsible-ai,resources,whitepapers,data-literacy-for-responsible-ai
https://www.datacamp.com/resources/webinars/data-science-is-driving-the-future-of-automotive,resources,webinars,data-science-is-driving-the-future-of-automotive
https://www.datacamp.com/resources/webinars/data-trends-2021,resources,webinars,data-trends-2021
https://www.datacamp.com/resources/webinars/fireside-chat-zach-deane-mayer,resources,webinars,fireside-chat-zach-deane-mayer
https://www.datacamp.com/resources/ebooks/definitive-guide-to-machine-learning-for-business-leaders,resources,ebooks,definitive-guide-to-machine-learning-for-business-leaders
https://www.datacamp.com/resources/whitepapers/your-organizations-guide-to-data-maturity,resources,whitepapers,your-organizations-guide-to-data-maturity
https://www.datacamp.com/resources/webinars/datacamp-in-action-data-upskilling-for-your-organization,resources,webinars,datacamp-in-action-data-upskilling-for-your-organization
https://www.datacamp.com/resources/webinars/data-roles-data-transformation,resources,webinars,data-roles-data-transformation
https://www.datacamp.com/resources/webinars/building-data-fluency-in-an-organization,resources,webinars,building-data-fluency-in-an-organization
https://www.datacamp.com/resources/webinars/getting-started-with-anaconda,resources,webinars,getting-started-with-anaconda
https://www.datacamp.com/resources/webinars/datacamp-for-enterprise-q3-2020-roadmap,resources,webinars,datacamp-for-enterprise-q3-2020-roadmap
https://www.datacamp.com/resources/webinars/success-metrics-for-your-data-program,resources,webinars,success-metrics-for-your-data-program
https://www.datacamp.com/resources/webinars/accelerating-data-transformation-solution-is-your-workforce,resources,webinars,accelerating-data-transformation-solution-is-your-workforce
https://www.datacamp.com/resources/whitepapers/becoming-a-data-driven-marketer-1,resources,whitepapers,becoming-a-data-driven-marketer-1
https://www.datacamp.com/resources/whitepapers/8-rules-for-better-data-storytelling,resources,whitepapers,8-rules-for-better-data-storytelling
https://www.datacamp.com/resources/webinars/future-of-data-science-in-insurance-1,resources,webinars,future-of-data-science-in-insurance-1
https://www.datacamp.com/resources/webinars/become-a-data-driven-marketer-1,resources,webinars,become-a-data-driven-marketer-1
https://www.datacamp.com/resources/webinars/effective-data-storytelling-brent-dykes-1,resources,webinars,effective-data-storytelling-brent-dykes-1
https://www.datacamp.com/resources/webinars/data-science-is-transforming-healthcare,resources,webinars,data-science-is-transforming-healthcare
https://www.datacamp.com/resources/webinars/exploratory-data-analysis-r-absolute-beginners,resources,webinars,exploratory-data-analysis-r-absolute-beginners
https://www.datacamp.com/resources/webinars/data-leaders-build-impactful-data-team-2023,resources,webinars,data-leaders-build-impactful-data-team-2023
https://www.datacamp.com/resources/webinars/dashboard-design-in-power-bi,resources,webinars,dashboard-design-in-power-bi
https://www.datacamp.com/resources/webinars/create-a-data-storytelling-culture-brent-dykes,resources,webinars,create-a-data-storytelling-culture-brent-dykes
https://www.datacamp.com/resources/webinars/ungated-live-code-along-data-science-portfolio-dream-job,resources,webinars,ungated-live-code-along-data-science-portfolio-dream-job
https://www.datacamp.com/resources/webinars/datacamp-q2-2022-roadmap,resources,webinars,datacamp-q2-2022-roadmap
https://www.datacamp.com/resources/webinars/irex-data-upskilling-for-international-development,resources,webinars,irex-data-upskilling-for-international-development
https://www.datacamp.com/resources/webinars/free-trial-performance-analysis-in-sql,resources,webinars,free-trial-performance-analysis-in-sql
https://www.datacamp.com/resources/webinars/sentiment-analysis-for-algorithmic-trading,resources,webinars,sentiment-analysis-for-algorithmic-trading
https://www.datacamp.com/resources/webinars/how-to-hire-and-test-for-data-skills-a-one-size-fits-all-kit,resources,webinars,how-to-hire-and-test-for-data-skills-a-one-size-fits-all-kit
https://www.datacamp.com/resources/webinars/bayesian-covariance-for-portfolio-optimization,resources,webinars,bayesian-covariance-for-portfolio-optimization
https://www.datacamp.com/resources/webinars/artificial-intelligence-in-finance-an-introduction-in-python,resources,webinars,artificial-intelligence-in-finance-an-introduction-in-python
https://www.datacamp.com/resources/whitepapers/datacamp-donates-2020-2021-impact-report,resources,whitepapers,datacamp-donates-2020-2021-impact-report
https://www.datacamp.com/resources/whitepapers/datacamp-donates-2020-2021-impact-report-white-paper,resources,whitepapers,datacamp-donates-2020-2021-impact-report-white-paper
https://www.datacamp.com/resources/webinars/fostering-confidence-data-across-your-organisation,resources,webinars,fostering-confidence-data-across-your-organisation
https://www.datacamp.com/resources/webinars/datacamp-recruit-hire-data-talent-faster,resources,webinars,datacamp-recruit-hire-data-talent-faster
https://www.datacamp.com/resources/webinars/how-data-science-powers-space-exploration-and-earth-science,resources,webinars,how-data-science-powers-space-exploration-and-earth-science
https://www.datacamp.com/resources/webinars/ML-for-investment-finance,resources,webinars,ML-for-investment-finance
https://www.datacamp.com/resources/webinars/live-training-analyzing-nasa-budgets-in-sql,resources,webinars,live-training-analyzing-nasa-budgets-in-sql
https://www.datacamp.com/resources/webinars/live-training-analyzing-a-time-series-in-python,resources,webinars,live-training-analyzing-a-time-series-in-python
https://www.datacamp.com/resources/webinars/live-training-analyzing-carbon-footprints-in-sql,resources,webinars,live-training-analyzing-carbon-footprints-in-sql
https://www.datacamp.com/resources/webinars/infrastructure-component-of-data-maturity,resources,webinars,infrastructure-component-of-data-maturity
https://www.datacamp.com/resources/webinars/live-training-using-workspace-in-the-classroom,resources,webinars,live-training-using-workspace-in-the-classroom
https://www.datacamp.com/resources/webinars/how-data-journalists-deliver-data-stories,resources,webinars,how-data-journalists-deliver-data-stories
https://www.datacamp.com/resources/webinars/transforming-an-organization-allianz,resources,webinars,transforming-an-organization-allianz
